City,Country,Lat,Lng,Date,Temp,Humidity,Cloudiness,Wind Speed
broome,au,-19.361912787773406,121.55685913473121,1530988124,63.18,35,0,13
lebu,cl,-36.701650985084584,-96.81489457248344,1530988124,59.58,96,92,16.02
busselton,au,-89.11146914248327,82.61474408127697,1530988125,-74.8,0,8,16.02
salinopolis,br,5.414658121178107,-44.70187741090868,1530988125,81.45,100,80,11.77
hobart,au,-88.25910543747408,134.5426808779967,1530988125,-91.63,0,0,11.43
safford,us,33.47267992986319,-109.7371453742568,1530985860,96.8,23,1,10.29
souillac,mu,-56.548458612568936,75.29260054691713,1530988125,29.07,100,64,22.39
ushuaia,ar,-68.05295346460117,-56.3098514271429,1530988125,-17.11,50,0,11.43
kabare,cd,-3.048287141423046,27.88366772788632,1530988125,73.17,54,32,2.59
albany,au,-61.62381020308369,103.93373748707069,1530988126,20.97,100,76,26.98
qaanaaq,gl,86.17334201516087,-73.77987380161063,1530988126,30.78,100,64,14.45
norman wells,ca,63.486725158969364,-124.6584480879549,1530988126,56.52,80,64,4.38
kodiak,us,49.23041962970777,-156.60989539550275,1530988126,51.12,92,100,26.87
hasaki,jp,33.94112732461326,143.83934768075892,1530988126,78.93,96,88,12.33
port hedland,au,-18.719805673568004,119.90148023114807,1530988126,77.58,98,0,19.48
cherskiy,ru,74.22234764532854,164.39128322541006,1530988126,30.87,99,80,18.48
bethel,us,48.428645382617134,-163.14979320650107,1530988127,50.58,92,92,28.54
idritsa,ru,55.973718696926795,29.00138140772546,1530988127,68.4,70,12,15.23
slave lake,ca,57.444067010205885,-114.74564163310541,1530988127,49.14,100,92,9.53
hastings,us,40.03820642862411,-98.6200554043738,1530985980,84.2,66,40,12.75
sao filipe,cv,8.772823003977436,-24.2707000303146,1530988127,78.39,100,80,7.52
fort nelson,ca,62.01882386780733,-122.75511580380778,1530988127,59.22,49,24,2.93
butaritari,ki,13.463664171292677,169.0379729825013,1530988127,82.35,100,88,20.83
grand island,us,42.28520848954466,-99.06946910754444,1530987300,89.6,52,1,14.99
ambon,id,-3.1009689735852106,126.9660050181875,1530988128,77.76,100,44,15.23
ola,ru,56.767993259922974,151.28637171011326,1530988128,50.31,96,0,15.35
saint-philippe,re,-31.688789185481028,59.464019500361985,1530988128,62.73,100,68,14.79
tiksi,ru,81.34025348323271,121.65222082289011,1530988128,32.58,98,80,19.82
hilo,us,25.099784379998468,-147.5338113839013,1530988128,73.35,100,24,18.81
bengkulu,id,-15.734023764838142,91.6161903820759,1530988128,78.12,100,64,17.02
dikson,ru,75.14350798398581,81.31595430139436,1530988128,32.85,92,0,16.58
antofagasta,cl,-23.739649338744314,-79.69211542095805,1530988129,63.09,100,0,17.69
puerto baquerizo moreno,ec,4.917327350116793,-88.55501848944945,1530988129,79.02,100,80,11.21
punta arenas,cl,-78.61559618184879,-98.98542052792452,1530988129,-38.26,0,0,2.04
atlantic beach,us,30.540768410302576,-80.05268522248677,1530988129,83.52,100,0,2.26
adrar,dz,25.137376290659603,1.2269189919299492,1530988129,109.98,6,8,10.87
moron,mn,49.414661763826786,101.1686318336944,1530988129,42.66,96,44,2.82
rikitea,pf,-50.29997386944711,-113.86328871027018,1530988129,42.66,100,88,28.77
hithadhoo,mv,-9.027138462634696,83.29838303840609,1530988129,79.47,100,68,18.25
tuatapere,nz,-51.1516878832908,158.73942559926485,1530988130,44.55,100,88,15.01
kloulklubed,pw,5.338365297196276,132.26861481550196,1530988130,79.02,100,64,13.78
tuktoyaktuk,ca,74.18900882402386,-137.07930186079736,1530988130,31.77,98,88,21.39
mar del plata,ar,-47.50624607725015,-47.48962218986219,1530988130,45.45,100,36,22.5
clyde river,ca,70.35465944661442,-75.33464457788543,1530988130,36,87,92,4.94
attawapiskat,ca,58.13169982707166,-78.21716772827294,1530986400,50,71,1,20.8
severo-kurilsk,ru,34.788313993457024,165.52318230107062,1530988130,73.08,100,92,10.09
khatanga,ru,71.92992659751596,105.86340924366061,1530988131,47.34,67,48,5.73
aleksandrov gay,ru,48.81163288316657,49.3251831993004,1530988131,78.84,42,24,5.84
arraial do cabo,br,-35.45025989489071,-24.91575954467774,1530988131,55.89,100,36,24.18
saint george,bm,37.87175922266789,-63.27997606887597,1530988131,79.02,98,20,24.85
srednekolymsk,ru,71.95156023409493,154.04181790912395,1530988131,31.14,98,56,9.42
vaini,to,-44.685162510639756,-173.67076464431113,1530988131,54.45,98,100,20.71
goedereede,nl,51.91012968903479,3.968046060352947,1530986100,68.34,72,0,16.11
vanavara,ru,59.32887394532301,102.13033104550846,1530988132,54,68,68,4.5
cidreira,br,-33.48237749089537,-45.62336081373121,1530988132,56.7,100,92,30.44
castro,cl,-53.59859306938491,-101.37760397893794,1530988132,42.84,96,92,10.76
nanortalik,gl,53.42763506024727,-45.52173471944354,1530988132,47.97,89,88,25.3
honningsvag,no,74.41349485365751,26.741637892014495,1530988132,44.28,95,92,6.73
sembakung,id,2.3844781377698894,115.60174584680732,1530988132,69.03,96,48,0.92
hermanus,za,-66.39966602929624,5.348902330426398,1530988132,23.04,90,80,26.42
floriano,br,-6.556089812002099,-43.17285927764436,1530988132,90.36,38,88,10.65
atuona,pf,1.5435344824023787,-141.33315877691166,1530988133,79.2,100,88,15.23
launceston,au,-41.72056787201802,149.00984801113202,1530988133,51.93,100,0,38.16
belushya guba,ru,77.58085569907149,56.00636301903526,1530988133,34.2,100,44,5.5
kruisfontein,za,-49.99500070045946,25.56740421335917,1530988133,38.25,91,64,18.03
onguday,ru,51.11655507759633,86.83313051432253,1530988133,46.17,77,0,2.71
marzuq,ly,23.965394294317278,16.41402408107919,1530988133,95.04,18,0,9.98
jamestown,sh,-39.96548484084068,-7.770694096204323,1530988133,47.52,100,92,15.23
airai,pw,7.67417270431271,139.92581370708842,1530988134,82.08,100,64,16.24
sakata,jp,38.994926192018056,139.46649516041202,1530988134,68.31,97,100,10.54
san joaquin,bo,-18.909302443488542,-59.33732839109588,1530988134,89.01,41,0,11.65
barrow,us,66.11935369852208,-154.6123495977447,1530986100,60.8,67,1,6.93
illoqqortoormiut,gl,88.09427624666839,-27.81864904361663,1530988134,33.75,94,0,20.38
barnsley,gb,53.62156327206998,-1.4295654394980772,1530985800,77,44,0,10.29
deputatskiy,ru,69.09970803409556,141.07352212559027,1530988134,62.64,73,36,8.63
ulladulla,au,-39.39005030306483,157.81304839360024,1530988134,56.88,100,32,31.12
port hardy,ca,44.96774114876874,-138.4411457365135,1530988135,55.08,100,88,8.19
port macquarie,au,-33.2127303292113,156.28222853058105,1530988135,63.63,100,88,34.02
new norfolk,au,-55.72144104838507,141.35579088764456,1530988135,35.55,100,32,34.02
puerto suarez,bo,-18.99271466346785,-58.376276473973334,1530986400,87.8,48,20,9.17
georgetown,sh,-9.896972882017607,-11.742080931484452,1530988135,74.07,100,56,13.67
kovdor,ru,68.0915381696447,30.058327603553465,1530988135,63.54,52,44,6.62
nevelsk,ru,46.70541083452605,142.09764390243055,1530986400,46.4,93,90,4.47
thompson,ca,69.83288642435005,-90.52325581712515,1530986400,41,100,92,17.22
pevek,ru,78.34010708533836,170.92992519243876,1530988136,32.94,98,88,30.67
victoria,sc,-6.93745017477012,61.013621419413795,1530988136,77.67,100,92,15.46
blagoyevo,ru,64.28596311457056,47.250278949527825,1530988136,65.52,85,48,2.04
aykhal,ru,66.17433476571645,108.63107342017776,1530988136,38.25,90,20,3.38
vestmannaeyjar,is,57.903517707819304,-19.23296601474945,1530988136,51.93,100,20,17.25
mergui,mm,11.769278219800796,97.71543684518286,1530988136,81.63,100,88,16.46
abu dhabi,ae,21.87672279835192,53.113411270834945,1530988137,95.76,35,0,8.63
mataura,pf,-68.72654916390269,-151.72326016523593,1530988137,13.32,88,80,5.5
wyndham,nz,-46.68286567722459,168.79342895861168,1530988137,51.3,91,44,15.12
vila velha,br,-26.417055876930583,-29.20919450302239,1530988137,67.32,100,0,14.23
hambantota,lk,5.023831897922946,83.35088226183495,1530988137,79.29,100,88,24.18
husavik,is,75.57158132053752,-8.26620425790503,1530988137,40.23,97,80,2.59
williston,us,48.85647912579768,-103.72968659211733,1530987300,86.77,31,1,14.99
lolua,tv,-6.21392494582571,175.11597663493222,1530988138,83.52,100,80,13.33
isangel,vu,-17.789664985355287,174.34369167402832,1530988138,75.6,100,44,22.5
haines junction,ca,60.49475329825003,-137.71108229614347,1530988138,52.74,79,24,1.36
sur,om,15.945961487702618,62.86999662232762,1530988138,82.17,96,88,27.76
chuy,uy,-54.98647328360894,-32.96776466300673,1530988138,31.77,99,88,24.85
marcona,pe,-25.663519057504118,-87.4208512378273,1530988138,63.9,100,32,13.78
pahrump,us,38.127806165802525,-116.03601545694339,1530988138,89.64,10,24,3.38
esperance,au,-40.265879309131385,127.46067371995423,1530988138,52.11,100,92,14
kavaratti,in,12.864642898311843,71.81529096413959,1530988139,80.82,100,80,24.52
bend,us,44.19554355356385,-122.1297192725801,1530988139,68.67,43,0,2.59
bluff,nz,-88.73433937630955,169.70664331571243,1530988139,-86.05,0,0,12.1
san cristobal,ec,-0.6664779473999971,-87.10796288240249,1530988139,72,100,44,9.19
port alfred,za,-86.70977434801081,45.99568298659764,1530988139,-73.27,0,8,15.68
port-gentil,ga,-4.877846092448678,1.4006077259162453,1530988139,76.14,100,0,7.74
soro,in,21.2652727560901,86.52545796637867,1530988139,78.3,95,32,3.27
ilhabela,br,-26.083975111461747,-43.646748352421724,1530988140,73.8,99,0,16.8
buchanan,lr,3.9252617258860028,-11.47164199243818,1530988140,79.11,100,80,10.2
kapaa,us,24.262075209505653,-168.66063444739092,1530988140,78.39,100,20,23.06
sentyabrskiy,ru,46.0421394727683,150.031706065173,1530988140,47.07,100,36,4.61
luwingu,zm,-9.979863975892442,30.04898230015283,1530988140,65.43,48,0,7.4
faanui,pf,-16.04801373224568,-155.83552475281604,1530988140,81.27,99,88,11.21
bilibino,ru,73.97697930097186,164.64757045101362,1530988140,30.87,100,68,16.35
alta,no,69.74145811532469,23.512395201273023,1530985800,51.6,81,100,9.17
ambodifototra,mg,-17.629670420390383,52.55697396937995,1530988141,76.32,100,12,24.85
iqaluit,ca,64.8870727408279,-67.15029831077322,1530988141,39.78,91,0,3.6
cape town,za,-85.11322701770955,-12.685510007519582,1530988141,-61.21,0,12,21.05
anloga,gh,3.3207443317442937,1.5719256782488742,1530988141,78.12,100,36,6.51
poum,nc,-17.648306566234083,158.76714424855953,1530988141,75.6,100,24,11.54
mae hong son,th,20.237784595829154,98.62592454896628,1530988141,75.33,78,92,1.92
muroran,jp,42.18719573479518,140.8353611340603,1530988141,54.9,98,92,4.94
inuvik,ca,66.22476754406767,-133.76596894924165,1530988142,64.35,70,8,13.67
shitkino,ru,57.18132816994776,98.73850165703925,1530988142,52.65,89,88,2.59
puerto ayora,ec,0.0788479106642086,-102.93612088887093,1530988142,75.78,100,92,11.21
bolshaya martynovka,ru,47.16505334045294,41.4838750781978,1530988142,75.24,60,0,3.49
pisco,pe,-18.660365611751644,-81.57671432031127,1530988142,64.17,100,88,19.15
krasnoselkup,ru,63.46866083326907,83.9382673563905,1530988142,60.3,61,88,4.94
bilma,ne,21.89549367946786,15.350027811371802,1530988142,92.16,14,0,13.67
taolanaro,mg,-66.2757509743823,58.40815098074319,1530988142,-21.61,62,0,11.1
imeni poliny osipenko,ru,52.374060511724565,136.40198814781394,1530988143,59.49,99,92,2.93
aklavik,ca,71.02850827764215,-138.8010626221344,1530988143,35.82,95,76,19.71
leningradskiy,ru,76.18348608150592,178.61991534423976,1530988143,32.58,99,80,29.1
matay,eg,28.613313854102202,29.740158679358615,1530988143,90.54,22,0,6.62
shelburne,ca,39.284210872407414,-63.22587459746123,1530988143,71.91,100,92,4.38
magnitogorsk,ru,53.36918501821174,58.94270191923596,1530986400,73.4,56,40,8.95
mys shmidta,ru,89.44625522803867,-173.46975045237693,1530988143,32.13,100,68,21.05
chapleau,ca,47.944741008651334,-84.05860342851057,1530986400,71.65,68,20,6.93
yeppoon,au,-18.667742258514863,155.7067107929671,1530988144,75.87,99,8,8.75
kavieng,pg,-0.6562073200827427,151.35734732680748,1530988144,82.8,100,80,8.41
hami,cn,41.3105131841493,94.10440768437752,1530988144,58.41,20,0,3.04
benghazi,ly,32.16903631821715,18.76347008113828,1530988144,77.76,98,0,20.83
korla,cn,38.661000937852066,86.2847717669502,1530988144,73.8,38,20,10.42
avarua,ck,-17.60399774145239,-161.48045441907826,1530988144,76.77,100,80,27.87
weymouth,gb,50.338266191018874,-2.693159831715519,1530985800,78.8,50,0,8.05
bredasdorp,za,-89.03046254116344,23.406433305083,1530988144,-70.57,0,8,19.71
tasiilaq,gl,73.23273838559416,-41.110859211639166,1530988145,13.68,87,0,10.65
atambua,id,-7.895339595126487,128.08898942823595,1530988145,79.02,100,92,18.81
iroquois falls,ca,48.731120649051064,-80.45354963782191,1530986400,78.8,39,75,10.29
makat,kz,47.674868771813635,55.21520205858468,1530988145,92.34,23,88,11.32
mustang,us,35.42377253458325,-97.78371276300209,1530986160,88.32,58,1,9.17
sitka,us,53.734176414601905,-136.03180640438836,1530988145,55.35,100,88,10.2
ca mau,vn,8.790192904001728,103.15754775854458,1530988145,85.05,99,64,14.79
vostok,ru,52.634953803419506,147.7285595051934,1530988146,46.62,94,0,5.39
yellowknife,ca,62.39213338914152,-113.69648359579585,1530986400,53.6,62,75,11.41
sataua,ws,-8.144865567370957,-173.33190077503437,1530988146,80.37,100,44,12.44
torbay,ca,49.68992912503103,-45.12068588550966,1530988146,50.58,93,92,28.21
solovetskiy,ru,65.44676919198855,36.17511356844375,1530988146,53.28,92,92,11.21
saskylakh,ru,84.02364871100582,117.07883563126126,1530988146,32.85,96,76,22.39
eureka,us,41.34150418403269,-125.06480083389869,1530988146,55.8,91,0,14.23
maues,br,-3.7797154943218203,-56.874091419004216,1530988146,94.14,44,8,3.94
barentsburg,sj,83.87403357062772,-3.8021399573387953,1530988147,32.67,99,88,10.2
sao joao do paraiso,br,-14.97723975244567,-41.91341989334458,1530988147,78.57,49,0,9.64
viedma,ar,-44.543692797506544,-58.560189556311755,1530988147,43.65,98,24,8.19
ostrovnoy,ru,75.48735232293203,41.4908628663093,1530988147,39.15,98,92,10.2
san policarpo,ph,12.330311681209082,127.83063616772506,1530988147,84.15,100,20,6.85
jumla,np,30.28867698939264,83.34180244247773,1530988147,32.4,92,32,2.71
richards bay,za,-29.688013356290703,35.13928638267197,1530988147,68.58,100,76,15.12
kijaba,az,38.60305816076965,48.64636494043174,1530986400,71.31,69,75,3.36
halalo,wf,-15.246225299926493,-176.49782620542487,1530988148,77.94,100,24,22.73
belozerskoye,ru,56.19334366635891,65.75915963108673,1530988148,68.22,85,20,2.71
coos bay,us,42.459462261733904,-129.13676945867374,1530988148,60.3,98,48,8.63
bambous virieux,mu,-35.44576418455031,82.03579510467478,1530988148,57.6,100,92,23.51
karratha,au,-21.180711606725012,116.93592316919523,1530988148,46.17,49,0,6.17
luau,ao,-11.886065887538237,22.146405426535665,1530988148,67.95,41,0,8.52
malindi,ke,-4.002633585069475,41.21686042513366,1530988148,78.75,100,32,20.83
ayan,ru,55.4431297029129,138.31921417222338,1530988149,50.58,94,0,2.82
mahebourg,mu,-41.240097100692296,78.03060944223478,1530988149,50.85,100,92,44.87
nikolskoye,ru,48.94613569065609,172.25133682569827,1530988149,45.63,98,88,22.5
kupang,id,-13.918138657739448,122.68976894147085,1530988149,81.09,98,0,16.02
constitucion,mx,18.741670467821535,-118.4594872241162,1530988149,76.32,100,0,6.96
ponta do sol,cv,26.10269919485515,-30.038329980559297,1530988149,73.17,100,20,16.24
mount gambier,au,-43.3085867205172,137.83181937100306,1530988149,51.21,97,80,36.82
tsihombe,mg,-30.350975232811876,45.33338057640469,1530988150,64.71,100,56,16.24
haapiti,pf,-17.829143693877114,-150.51213426714685,1530988150,79.38,100,8,12.33
san vicente,ph,19.56043977663262,127.09108614727234,1530988150,82.98,100,76,7.18
santa barbara,co,5.844016529510057,-75.60281353142715,1530986400,77,56,75,11.41
astana,kz,50.57178843112584,70.91242623465834,1530986400,66.2,82,0,6.71
aguimes,es,26.581134958773873,-14.049776443730138,1530988150,82.98,47,0,18.37
bousso,td,10.575908664434735,17.289030430623086,1530988150,83.07,68,32,2.82
svetlogorsk,ru,67.65451562278079,94.52977485145112,1530988150,41.4,95,8,2.26
meulaboh,id,-2.378828817537652,89.01769893812508,1530988151,79.56,100,64,5.61
santiago del estero,ar,-28.042187827472574,-64.99223162681925,1530988151,56.43,62,12,8.63
carnarvon,au,-31.877859414393967,90.39695573195758,1530988151,63.27,100,48,21.05
tura,ru,68.27661492484967,99.50948443657455,1530988151,38.52,98,24,2.37
gobabis,na,-21.882783610618077,18.8120857657114,1530988151,50.4,69,0,10.2
achisay,kz,43.342617996594726,69.15407865577939,1530988151,83.07,16,0,16.24
rorvik,no,65.89551285927502,10.633066722236322,1530988151,52.65,98,92,10.98
port elizabeth,za,-87.93957710032828,38.360633253370736,1530988152,-70.84,0,8,17.36
hay river,ca,61.98254334758221,-115.78719504582928,1530988152,59.49,48,32,16.35
tome-acu,br,-2.233388552403028,-48.19099610985799,1530988152,88.38,58,76,4.72
lagoa,pt,43.277530934853274,-29.482914748759526,1530988152,65.7,100,68,21.27
cururupu,br,4.018134157661962,-41.48839089790437,1530988152,80.55,100,92,11.43
asau,tv,-16.31198931719743,178.7767953303508,1530988152,75.51,100,0,18.14
kaeo,nz,-31.666818658883003,174.2460609755148,1530988152,63.9,100,68,23.51
chirongui,yt,-14.558924352626306,45.01784871090422,1530988153,82.44,91,8,10.98
karasjok,no,69.14977361144096,27.23930511179333,1530985800,55.4,62,0,13.87
ribeira grande,pt,34.93423486974282,-33.01624747753405,1530988153,76.14,99,44,12.55
jiwani,pk,22.52112236962843,62.3042947277886,1530988153,81.99,100,8,25.97
aberdeen,us,45.47095664238978,-99.36899341388289,1530988153,88.2,62,0,18.92
ekhabi,ru,54.936808994131695,147.9479446807083,1530988153,46.35,95,44,10.65
port lincoln,au,-40.41523977977366,133.03048613400608,1530988153,53.1,100,88,23.73
east london,za,-63.227579827958806,44.92946477716325,1530988153,28.89,98,88,21.16
harper,lr,-1.3878614748468294,-6.793461688947616,1530988154,74.61,100,92,6.73
pringsewu,id,-6.484954494823512,103.07458218729278,1530988154,81.27,100,32,20.04
irtyshskiy,ru,58.70149882578963,68.02263442709588,1530988154,67.68,87,56,1.7
mariestad,se,58.58658845081146,14.134523797464993,1530985800,68,56,0,4.7
springfield,us,36.86273092911975,-86.91167333491457,1530987300,83.12,61,1,8.05
abu samrah,qa,23.216917818042617,48.865455907518,1530988154,88.47,38,24,3.94
hammerfest,no,73.70555837942311,22.97280457542567,1530988154,45.27,94,92,13.67
okhotsk,ru,58.00996058440816,144.17068329884194,1530988154,50.67,94,0,16.46
saleaula,ws,-3.0371499191892752,-167.7434376848564,1530988155,83.43,98,8,14.12
makakilo city,us,12.182027359821603,-163.5336564326255,1530988155,80.55,100,88,21.27
portland,au,-50.01920806745351,136.489012493364,1530988155,44.1,100,76,33.8
hervey bay,au,-24.032370294679183,156.0866399546769,1530988155,68.49,100,76,24.4
muscat,om,25.3974781720065,58.38066068281387,1530986400,89.6,79,0,4.7
manzil tamim,tn,36.34264292771694,12.221304732480263,1530982500,73.4,100,20,10.29
shaoyang,cn,27.337082103262787,111.10953892623002,1530988155,69.84,98,44,2.15
talnakh,ru,69.01345053165633,94.79383785893936,1530988155,38.88,100,88,2.59
timizart,dz,37.26840814694519,5.541242241518063,1530986400,80.6,69,40,17.25
yonago,jp,35.26736190244746,133.4722720155657,1530982800,68,88,75,4.7
playas,ec,-2.6058092685294554,-80.60140290322735,1530986400,73.4,83,75,11.41
ust-nera,ru,64.47926448022537,141.8976349022164,1530988156,58.95,83,36,2.04
louisbourg,ca,43.146101799944546,-59.48409408722226,1530988156,59.22,100,20,13.78
kalmunai,lk,6.739788014386505,85.5620408553317,1530988156,79.92,100,92,24.4
lufilufi,ws,-8.244411793692777,-168.70558918693456,1530988156,82.17,100,0,10.98
umm ruwabah,sd,12.934592924708696,31.33007988519367,1530988156,89.28,38,32,10.54
charters towers,au,-20.954906167244303,145.66343276196687,1530988157,55.98,42,0,13
yatou,cn,35.956314252141894,123.27625079632907,1530988157,74.07,99,36,10.76
college,us,67.62358368260146,-149.10613348365226,1530988157,62.01,72,0,2.71
floro,no,61.717498648964295,2.11802016377203,1530985800,59.92,72,44,8.05
tyukalinsk,ru,56.032669538623225,72.3237678083693,1530988157,69.3,61,48,9.31
sao joao da barra,br,-23.427477003592443,-37.96509369692615,1530988157,72.9,100,80,10.54
kedougou,sn,12.897621287542052,-12.147347636403026,1530988157,86.04,78,44,3.94
coihaique,cl,-48.15863549012719,-77.81442861748181,1530988158,48.24,95,0,13.89
hulja,ee,59.289982291839635,26.28036373740821,1530988158,68.76,63,76,6.73
luanda,ao,-9.64391626255643,6.734510672060026,1530988158,73.53,100,0,4.38
pangnirtung,ca,65.87343207368926,-59.91816001064079,1530988158,32.94,95,80,17.81
oussouye,sn,10.908044860414563,-19.49575137957217,1530988158,79.2,100,80,8.97
port keats,au,-13.054612507963071,128.9417836409466,1530988158,79.47,98,0,24.85
lunca de sus,ro,46.534635202912625,25.8919400638747,1530988158,59.85,96,76,1.92
javanrud,ir,34.587313022021405,46.18961492625914,1530988158,74.07,33,0,2.48
kodinar,in,20.92389975094501,70.58996658760842,1530988159,77.04,96,92,5.95
yenotayevka,ru,47.33306342166986,47.11360233713356,1530988159,77.58,55,0,5.28
san jose,gt,9.654728711173163,-91.97388658597514,1530988159,80.37,100,68,20.83
ilulissat,gl,78.59987168760338,-44.255900502650405,1530988159,12.15,100,32,6.4
atka,ru,60.965263615724524,151.04244306824393,1530988159,52.47,60,48,2.48
alzamay,ru,55.12484480774506,98.07242210333715,1530988159,41.31,96,20,2.15
sibu,my,2.479458277607989,110.94065538437508,1530988159,84.51,100,0,7.18
dawlatabad,af,37.31497921579114,63.85191186277186,1530988160,86.22,17,0,9.31
kuche,cn,42.11533037194178,82.71724499102265,1530988160,65.16,58,0,2.59
parfenyevo,ru,58.688392434409934,43.44786426480249,1530988160,58.95,98,64,2.93
ahipara,nz,-35.29026804776584,172.7945843075205,1530988160,61.38,95,48,30.33
safaga,eg,26.382297004257495,34.62709612908273,1530988160,83.88,94,0,2.15
yar-sale,ru,68.69237937024559,71.75939054128784,1530988160,58.05,99,92,4.72
seoul,kr,34.98685842790337,125.17633611026389,1530988160,72.54,100,48,12.88
shingu,jp,30.67682141842772,137.25792012605376,1530988160,80.55,98,92,11.65
tarauaca,br,-9.176563160865697,-71.23501988096129,1530988161,93.69,37,0,2.93
santa vitoria do palmar,br,-35.09196434371869,-50.47439640189364,1530988161,58.86,100,92,32.91
emmett,us,43.9590598681323,-116.70291513399941,1530987300,82.44,28,1,8.05
xining,cn,36.573078440869665,100.4860091588152,1530988161,44.91,100,0,3.38
ancud,cl,-40.4362054477831,-101.57782769734888,1530988161,55.53,91,20,24.85
alofi,nu,-25.217088177973295,-168.547057525697,1530988161,66.78,100,44,17.58
baranchinskiy,ru,58.19942492435939,59.41139724087972,1530988161,65.25,77,92,3.6
cacoal,br,-11.086313585356251,-61.117619928451916,1530988162,95.58,17,0,2.93
geraldton,au,-29.66227769575169,113.29540808977248,1530988162,66.96,100,0,17.58
ouro preto do oeste,br,-11.2917865426477,-62.67366936851673,1530988162,94.86,22,0,2.93
lodja,cd,-4.002178778997731,22.467177938713235,1530988162,78.48,41,0,5.61
blyth,gb,55.99454496202901,-0.530126148362001,1530988162,61.65,98,0,9.31
hovd,mn,43.342177983180676,100.85624562045217,1530988162,53.19,32,0,6.17
mayo,ca,64.64214942307402,-136.55569196233466,1530988162,56.52,65,0,3.15
marawi,sd,17.35193686798793,32.5090147955913,1530988162,88.47,29,0,2.15
cascais,pt,37.06398089450286,-13.56491100913081,1530988163,67.5,100,12,5.61
kaitangata,nz,-57.71715191720917,175.4805151418792,1530988163,43.11,98,92,29.1
lang son,vn,22.22808821877048,107.46253867671243,1530988163,75.24,100,92,4.16
tezu,in,32.80141549203209,97.0972432938712,1530988163,45.36,98,92,2.15
barra do garcas,br,-14.608887176689436,-52.604802533197585,1530988163,87.93,35,0,10.09
undory,ru,54.78382598001551,48.62631397852374,1530986400,66.2,88,12,2.24
chichli,in,22.788413362758206,78.77386786247348,1530988163,76.23,91,44,5.73
cortez,us,38.0859892617664,-108.58137914598935,1530986100,82.4,28,1,4.7
lar,ir,27.691781636683473,54.30519984533322,1530986400,98.6,22,0,9.17
mizan teferi,et,6.586127651484418,34.51404138490332,1530988164,76.41,81,92,2.37
campbell river,ca,51.08557823534758,-125.00069708598313,1530988164,40.68,84,92,0.69
challapata,bo,-19.365044449056356,-67.26795351957445,1530988164,56.97,91,8,5.5
hailey,us,44.739889300959675,-114.2625098976391,1530986160,79.65,22,1,4.7
palitana,in,21.568275963096625,71.77944816926711,1530988164,81.9,82,92,9.98
haukipudas,fi,65.45241385291638,25.040206458155495,1530985800,68.95,56,0,16.11
laguna,br,-40.30986339269782,-34.6378375565983,1530988165,52.74,100,48,25.19
tortoli,it,39.22314754990717,10.737499035846923,1530988165,76.68,96,44,14
gillette,us,43.65911982496837,-105.12724314434452,1530986100,87.8,31,0,5.82
roald,no,73.83698685775718,1.4217702718219982,1530988165,42.03,93,92,23.06
vondrozo,mg,-23.067448898558297,47.29955507045051,1530988165,64.08,95,92,5.61
svetlaya,ru,47.68618925367889,138.92880089501836,1530988165,50.31,100,0,2.04
byron bay,au,-28.576035228363523,158.30035863330892,1530988165,69.21,100,48,27.65
paso de carrasco,uy,-35.16249578985261,-56.026629178571056,1530986400,53.6,93,90,14.99
maniitsoq,gl,61.419799618668776,-56.63419597574203,1530988166,39.24,100,92,18.7
chokurdakh,ru,70.74544079434446,145.81694555014695,1530988166,42.57,89,12,14.79
amderma,ru,76.80010427957296,63.85155145629662,1530988166,37.89,96,0,7.85
nizhneyansk,ru,72.107261638366,134.38025129850092,1530988166,35.37,87,92,20.6
gravelbourg,ca,49.25315582060213,-107.28586018066291,1530988166,83.34,31,0,14.67
sloboda,ru,51.17159758423355,40.235135665325885,1530988166,69.84,74,80,4.72
ferrol,es,46.33004490500227,-9.841728457995316,1530988166,64.71,100,80,10.2
chapais,ca,56.382620662175526,-71.65255496655449,1530988167,52.92,100,44,9.75
sassandra,ci,3.9585632096449785,-5.617109193781772,1530988167,76.77,100,92,5.17
amazar,ru,53.26044321832185,120.679141263573,1530988167,63.54,71,32,6.51
emerald,au,-23.328541049830804,147.4877088892555,1530988167,47.34,56,0,11.43
margate,za,-40.742161668269674,42.39210671103328,1530988167,59.94,100,92,24.74
nazarovo,ru,55.870701921807154,90.54992554795626,1530988167,47.79,90,8,4.61
bac giang,vn,21.527883206477554,106.40463669724102,1530988167,74.34,100,92,3.49
harindanga,in,21.752761833790842,88.21052821661578,1530988167,81.54,100,80,11.65
paamiut,gl,61.05151122600648,-52.21543785348457,1530988168,40.95,96,92,26.53
shu,kz,43.92047967847421,73.74708800204345,1530988168,76.5,22,0,11.21
vawkavysk,by,53.260095006854414,24.34110721155028,1530988168,71.1,57,64,9.31
izhma,ru,64.7711919770403,54.507766786867705,1530988168,67.14,84,0,2.48
chara,ru,59.631919777094595,118.83446505937104,1530988168,57.33,99,92,5.17
abu kamal,sy,34.87408999839886,41.39007200776288,1530988168,88.47,19,0,5.95
sur,lb,33.71496625300115,34.88395009959635,1530986400,80.6,83,20,10.29
morristown,us,36.97269522008139,-83.20900569605627,1530987300,80.6,65,40,3.38
padang,id,-8.542996491825306,87.19285344660989,1530988169,75.96,100,88,7.52
aasiaat,gl,71.50335529949572,-52.976559879034426,1530988169,35.55,98,0,2.37
luorong,cn,24.523000819021888,109.69082273299279,1530988169,72.54,99,92,2.82
akdepe,tm,42.259817407388,57.130936020198874,1530988169,92.79,22,36,9.64
tromso,no,70.23087804093743,18.183232075766767,1530985800,50,81,75,4.7
morros,br,-8.76412063407723,-46.64202818746202,1530988169,90.45,34,0,11.99
labuhan,id,-15.384892082335412,97.38772219817616,1530988169,77.22,100,64,18.14
naze,jp,21.121330873028967,136.76379338355974,1530988170,83.61,100,56,27.65
kribi,cm,2.7590035042316003,9.4344545333812,1530988170,78.3,100,88,4.27
luderitz,na,-34.770362345664,2.7120070224574704,1530988170,60.57,100,36,17.58
urusha,ru,55.825444161864,122.59025802225045,1530988170,63.63,59,12,5.39
sakakah,sa,29.996935591683567,39.48150134952971,1530986400,93.2,13,0,8.05
canora,ca,51.84284124514406,-102.39958070422352,1530986400,80.6,51,1,20.8
lompoc,us,29.32578885913607,-125.00004430696653,1530988171,67.32,98,0,19.04
volginskiy,ru,56.11198169824945,39.22010431518956,1530988171,64.62,74,36,4.38
bathsheba,bb,17.592677754364914,-46.932145692544026,1530988171,77.22,100,44,18.03
angoche,mz,-17.03642950810064,40.76213636633588,1530988171,79.2,97,0,7.96
caravelas,br,-22.270283770275796,-26.930627856237408,1530988171,71.28,100,92,7.63
krasnaya zarya,ru,52.76403955457832,37.78686196313177,1530988171,65.7,70,24,5.95
lazaro cardenas,mx,-0.934580166174726,-112.4329719628847,1530988171,77.04,100,76,14.45
upernavik,gl,85.97389877448228,-45.249169432718645,1530988172,34.74,90,0,20.71
guerrero negro,mx,16.349779462030398,-127.3791825501524,1530988172,78.3,100,80,15.35
falmouth,gb,50.06644344315788,-4.954151296537702,1530985800,72.55,72,0,9.17
simao,cn,23.721136507373885,101.01601281121657,1530988172,64.62,99,92,1.92
bundaberg,au,-25.348866065906122,151.33423818625783,1530988172,45,80,0,11.43
port shepstone,za,-31.349391437575008,31.299949697879697,1530988172,68.67,100,0,6.51
kayes,ml,14.725093291796355,-10.987954489331457,1530988172,92.7,64,56,4.61
paucartambo,pe,-12.815192481944138,-71.71543083330226,1530988173,67.77,39,8,0.81
kathmandu,np,28.486588614074805,84.90184612562553,1530988173,47.07,100,88,1.59
bastia,fr,43.06293314698206,9.507474228590013,1530986400,78.8,74,0,3.36
brae,gb,67.08625633596586,-0.4044169600118721,1530988173,50.13,95,92,21.5
iskateley,ru,68.37483595841454,54.08073666478873,1530988173,43.47,89,8,23.06
san patricio,mx,11.612719248655822,-111.98158460764469,1530988173,82.26,100,20,10.76
rawson,ar,-45.0083300079734,-61.91763086992738,1530988173,47.07,95,32,11.99
mehamn,no,81.95444745783553,28.39962118544733,1530988174,33.48,93,48,19.04
yuksekova,tr,37.13961233514253,44.247677171653095,1530988174,65.07,31,0,1.59
cap malheureux,mu,-14.993232765930955,58.75376104413823,1530988174,76.95,100,64,27.09
quzhou,cn,28.45022471194848,118.69032067755666,1530988174,71.28,98,76,1.81
kahului,us,31.47863932925101,-151.94894680703317,1530988174,70.74,100,80,17.25
tagusao,ph,13.286463014431263,114.58505213212146,1530988174,84.24,97,88,16.69
maragogi,br,-11.470226432207184,-32.25299436546379,1530988174,78.21,100,32,18.59
muros,es,45.50213355789646,-18.585464893241323,1530988174,65.25,98,8,6.85
saldanha,za,-36.597896231618144,4.866393765963949,1530988175,58.77,97,92,17.69
monte carmelo,br,-18.712106402820424,-47.81657104532292,1530982800,75.2,33,0,10.29
tumannyy,ru,71.42283230742748,35.90414430128604,1530988175,47.07,97,8,6.62
itarema,br,3.9611962933760623,-36.30483193527422,1530988175,80.19,100,56,6.51
walvis bay,na,-26.56649477751933,4.228631162182751,1530988175,68.49,97,0,10.54
arlit,ne,20.40497790351364,8.014430906895512,1530988175,96.93,9,8,8.63
raudeberg,no,63.04889555973392,3.1690382823747996,1530988176,53.55,99,24,12.77
atar,mr,20.03446500181623,-14.341605968042728,1530988176,105.12,19,0,5.61
digby,ca,44.51498944591472,-66.12459262548798,1530988176,64.17,58,0,7.29
provideniya,ru,40.70655338163721,-176.73640256776437,1530988176,61.65,95,88,7.74
longyearbyen,sj,83.751947323781,24.96281480059551,1530988176,32.85,96,44,13
vicksburg,us,32.05819844433471,-91.04008994750897,1530987300,86.86,62,20,3.36
skelleftea,se,64.60688477740032,21.47021572200046,1530985800,62.6,67,0,12.75
saint-joseph,re,-24.449904387182485,55.98212527640581,1530988177,70.02,100,24,20.15
haibowan,cn,40.7022561051954,105.74801878111555,1530988177,56.7,48,0,7.74
camapua,br,-19.113205574585322,-53.87521692064024,1530988177,89.1,29,8,8.41
araouane,ml,19.31590972334604,-5.087602583956311,1530988177,106.83,12,24,6.06
crab hill,bb,14.7599658379538,-58.5282426057326,1530988177,80.1,100,32,18.03
logstor,dk,56.998335112736186,9.060161670622676,1530988177,66.33,76,0,12.66
rognan,no,67.07031298274981,15.155195659503164,1530985800,53.6,81,75,12.75
urumqi,cn,44.24716717466862,87.90756868345466,1530984600,80.6,26,0,4.47
saint-georges,gf,3.726127490861842,-51.80649320290203,1530986400,87.8,55,20,6.93
le port,re,-20.219058936000962,54.36718747322999,1530988178,75.15,100,8,8.97
mnogovershinnyy,ru,54.25185726642849,139.15260756911107,1530988178,54.27,80,20,2.59
putnok,hu,48.41873902453068,20.492189598724366,1530986400,73.4,46,0,5.82
petatlan,mx,17.581020865274354,-100.89934531962739,1530985440,91.4,63,40,9.17
ha tinh,vn,17.495902545555793,105.65253937634543,1530988178,71.73,100,92,3.04
kautokeino,no,68.08699515309468,22.03561241477476,1530985800,50,93,90,8.05
tiznit,ma,26.87962589546852,-10.26719662692605,1530988179,99.72,29,8,7.07
riyadh,sa,22.046141405254943,46.1449054665635,1530988179,93.51,11,0,9.64
berlevag,no,79.64072100974855,31.70897301212321,1530988179,34.47,93,88,21.27
san quintin,mx,28.950344860795084,-117.50240258041373,1530988179,67.59,97,0,5.39
menongue,ao,-15.470189887119574,18.79474564598945,1530988179,61.65,39,0,8.52
klaksvik,fo,62.66214232408447,-5.409212864333853,1530988179,52.02,94,92,19.71
petrolina,br,-9.134815922908643,-40.644049280043674,1530986400,87.8,35,40,9.17
sindand,af,33.604697534695006,62.561950958286985,1530988179,79.2,23,0,11.99
langenzersdorf,at,48.27434093777242,16.442375388869152,1530986400,77.04,33,0,14.99
havelock,us,33.03710602481905,-71.06667523537392,1530988180,80.1,97,80,21.27
dingle,ie,52.91569191209251,-15.60574448420553,1530988180,60.57,96,92,15.12
shwebo,mm,22.71514104667959,95.29010852466644,1530988180,76.14,99,92,10.2
barisal,bd,22.52504400845052,90.4393805127462,1530988180,81.18,95,92,9.86
saint-denis,re,-18.548897514691234,55.472410119451524,1530988180,75.42,100,48,22.84
nouadhibou,mr,22.370787397119315,-19.04860489525356,1530988180,71.1,95,0,19.26
mahina,pf,-15.32594175061351,-149.0929975527337,1530988180,78.75,100,92,12.33
janauba,br,-15.547226034345996,-43.288826176995514,1530988181,84.06,31,0,7.29
lapua,fi,62.720111352754344,23.057425558217204,1530985800,62.6,72,75,11.41
dawson creek,ca,55.12543336039812,-120.88082355516741,1530988181,55.08,76,88,8.75
nauchnyy gorodok,ru,53.419560677782016,83.34944142633452,1530986400,59,67,0,8.95
litoral del san juan,co,4.42667309161348,-79.1319643758685,1530988181,77.31,100,80,4.5
am timan,td,11.409720253077083,20.46102083353344,1530988181,81.54,73,20,3.6
taber,ca,49.20093286382286,-111.84370918274846,1530988181,79.38,35,0,18.48
zapadnaya dvina,ru,55.99783094831997,31.981400384627506,1530988182,61.38,97,76,10.65
dianopolis,br,-11.467717470626312,-46.883448742334906,1530988182,89.55,31,0,7.4
tacna,pe,-17.913887063265065,-70.78613677710955,1530986400,63.46,68,75,6.93
susehri,tr,40.16852041969295,37.89681151453672,1530988182,57.24,70,0,1.92
soanierana ivongo,mg,-16.667145621809993,49.76818377006671,1530988182,73.17,98,88,15.23
verkhnyaya sinyachikha,ru,58.15240226548636,61.74178873679344,1530988182,65.97,92,56,2.37
surt,ly,30.396463101400073,18.12235374917853,1530988182,79.74,67,0,15.23
labutta,mm,15.942528440221821,94.53504013971752,1530988183,79.38,97,92,10.76
alma,ca,48.82994438402821,-71.74221968163198,1530986400,66.2,68,75,3.36
nenjiang,cn,49.2736185053688,125.97427018132652,1530988183,61.65,78,56,8.41
narsaq,gl,79.78078613562772,-64.4140508844501,1530988183,32.85,99,92,2.59
tunceli,tr,39.13419441827506,39.599660983604906,1530985800,76.1,27,0,6.93
bennettsville,us,34.444532157833436,-79.77817917288382,1530987300,76.62,70,75,16.11
nome,us,66.69800795126224,-164.49100831877556,1530988183,57.51,87,0,4.16
srandakan,id,-13.837409914456643,108.05869402051036,1530988183,80.01,100,76,20.27
trapani,it,38.93637913752525,11.79316714300603,1530988184,76.41,96,0,12.77
thinadhoo,mv,-0.02478148724421203,65.44650038385524,1530988184,82.89,100,80,12.1
tikalaan,ph,7.9631070085809625,124.66185626584559,1530988184,61.74,91,32,2.26
los aquijes,pe,-13.797658164523256,-75.10764335826138,1530988184,62.37,28,0,3.83
the valley,ai,22.265818404018688,-61.78982500612118,1530988184,81,99,24,15.79
susanville,us,40.098758644054385,-120.98676775394662,1530986100,80.6,30,1,4.7
valparaiso,cl,-32.80960784264027,-73.54240625918686,1530988184,56.97,98,20,12.88
buraydah,sa,22.92411026425377,43.454253698103514,1530988184,95.31,11,92,8.3
kapit,my,0.15556002255672752,114.21502141820224,1530988185,73.08,94,88,0.92
sangar,ru,64.74416887074975,128.0453624013723,1530988185,65.88,33,0,3.49
tukan,ru,53.79330236356503,57.62862128275529,1530988185,70.2,53,88,4.83
chardara,kz,41.63554905418633,67.82818760794066,1530988185,83.43,24,0,12.88
lorengau,pg,5.445432527139928,146.0409821621721,1530988185,79.92,100,88,14.45
pervomayskiy,ru,51.42228543177433,115.87357115090339,1530988185,59.58,99,92,5.61
russell,nz,-28.219303260902706,178.22751478503972,1530988185,65.97,100,0,13.22
beypur,in,11.213321186149372,75.70247814341874,1530986400,77,83,75,3.36
codrington,ag,25.753091962585913,-55.028615045298395,1530988186,80.37,97,0,16.69
venice,us,25.961423980984577,-85.40260345983296,1530988186,86.58,95,64,8.97
alice springs,au,-20.15455497005682,134.8304875222243,1530988186,51.75,41,0,16.24
saint-francois,gp,20.19188789199734,-52.31641149755744,1530988186,78.48,100,80,20.27
kita,ml,14.111066789931485,-9.286459332063941,1530988186,89.73,70,0,5.28
karakendzha,tj,38.92194355458611,72.11614540967034,1530988186,26.28,100,12,0.92
auki,sb,-6.705996176518042,162.03002482288395,1530988186,79.74,100,68,13.89
sept-iles,ca,53.48731123847199,-66.41238815253962,1530988187,56.43,69,44,20.04
geraldton,ca,53.96954758593952,-87.50587165445441,1530988187,81.27,50,76,22.5
sola,vu,-11.612775752382447,169.0571064257923,1530988187,82.71,99,0,20.27
hearst,ca,49.989801881156865,-84.38244599057212,1530988187,78.75,48,12,10.87
skibbereen,ie,49.846899988378425,-9.931326628613192,1530988187,63.36,100,0,3.6
gardan diwal,af,35.32613760379921,68.30469682696676,1530988187,42.3,71,0,1.59
aviles,es,45.2400936746011,-6.122076818248331,1530988187,67.77,100,0,13.22
sivas,tr,39.72460605251507,36.6103925265071,1530985800,59,72,0,8.05
machali,cl,-34.34435042427089,-70.30255147417286,1530988188,28.17,85,0,0.69
puerto lopez,co,3.889113299502341,-72.86331729484591,1530988188,82.71,98,36,4.61
longlac,ca,49.72056330711746,-86.68644985084673,1530986400,80.6,47,75,19.46
pimentel,pe,-8.608084060503131,-82.54426895993963,1530988188,67.32,100,0,14.56
kutno,pl,52.07482281183212,19.45451862403536,1530986400,73.4,33,0,4.7
kasulu,tz,-4.265538623381545,30.18263110808323,1530988188,59.94,73,0,3.71
manadhoo,mv,5.366030962644771,75.86091428238598,1530988188,80.82,100,68,19.93
sorland,no,69.02712780654369,8.137505771708021,1530988189,49.86,95,12,18.92
wojkowice,pl,50.465102364985,19.1083249873476,1530986400,74.44,35,0,9.17
terra rica,br,-22.435008392382144,-52.72285757104737,1530988189,88.83,30,8,8.19
kissidougou,gn,9.403187879271286,-9.936723868258355,1530988189,75.06,88,92,4.94
mount isa,au,-17.641463185302953,137.68448353597893,1530988189,60.3,38,0,17.02
progreso,mx,24.99220978866765,-90.87873036778137,1530988189,85.59,98,56,5.28
dori,bf,13.962612822736759,-0.42987223293337706,1530988189,88.2,79,0,3.15
kroya,id,-10.172771930901334,108.46350718239768,1530988190,79.11,98,92,19.37
cabo san lucas,mx,12.670870811988934,-114.42304116771085,1530988190,82.62,98,44,13.44
gwadar,pk,22.82466137329088,63.011420330897465,1530988190,82.71,100,8,25.86
grand river south east,mu,-19.82634209783896,73.08046204798723,1530988190,72.54,100,48,21.16
touros,br,2.262593972183467,-29.394153895348012,1530988190,78.75,100,24,13.33
egvekinot,ru,63.382313536675696,-178.68388160758118,1530988190,48.78,100,80,13.44
puqi,cn,28.95015113777137,113.9386219463023,1530988190,75.06,99,88,2.71
zhigansk,ru,69.65090694112035,123.31007704977611,1530988190,54.9,97,56,4.5
tarakan,id,3.2728928468538214,117.22773424076428,1530988191,74.34,95,36,1.48
dwarka,in,21.226616846319175,68.14576965488524,1530988191,84.24,100,64,19.82
agadez,ne,15.860658999153216,8.168912899190957,1530988191,97.65,23,48,4.61
taitung,tw,21.859838969236222,121.41182107660319,1530988191,84.87,99,64,13.78
saint-louis,sn,17.12533058066488,-16.826667757067355,1530988191,74.52,100,0,12.1
pochutla,mx,13.076136656327705,-96.02678853385665,1530988191,83.52,100,100,14
beloha,mg,-34.97892451952826,41.37015851147302,1530988191,59.04,100,20,6.17
mangaratiba,br,-23.592005872247313,-43.82287240303117,1530988192,71.1,100,8,13
kirakira,sb,-14.92780751311092,160.02167871332205,1530988192,79.02,98,76,15.9
sjenica,rs,42.7986101899005,19.702643752184287,1530986400,75.2,64,40,3.36
sisimiut,gl,63.37259061647845,-58.817605561930634,1530988192,35.37,100,92,20.49
maua,ke,0.32425279790871286,38.63627256671816,1530988192,75.87,52,0,14.79
akureyri,is,65.44246284428729,-17.720755210768374,1530986400,50,87,90,8.05
maarianhamina,fi,59.80158911155519,19.683552712249025,1530985800,64.4,48,0,11.41
rungata,ki,-3.449859636439683,177.92662108748175,1530988192,83.25,100,80,14.67
formoso do araguaia,br,-10.639498788861772,-51.66605331161327,1530988193,85.05,72,0,6.96
gubkinskiy,ru,64.11118961507452,76.72937678370971,1530988193,64.62,44,56,13.44
tocopilla,cl,-22.564559018263054,-70.63859881048413,1530988193,58.68,100,64,9.75
grand gaube,mu,-11.672490955694286,65.99534088091295,1530988193,78.84,100,92,24.07
hofn,is,59.06817556366863,-13.106416973918016,1530988193,55.17,92,92,19.82
bridlington,gb,54.83609919416881,1.5775721243709029,1530988193,60.84,100,0,3.38
lianyuan,cn,28.108287695451267,111.56010038761139,1530988193,72.9,99,100,2.59
ypsonas,cy,33.016261513215866,32.63883238784476,1530988194,80.64,98,0,12.21
dolbeau,ca,50.746900456595455,-71.67282939654127,1530988194,55.62,86,92,17.47
kaniama,cd,-8.106132492860269,24.372994249368503,1530988194,70.2,41,0,7.07
shimanovsk,ru,52.28971669282291,127.74584929213256,1530988194,56.61,78,0,4.16
saint-michel-des-saints,ca,46.54741681792248,-74.01285779429249,1530988194,72.27,54,8,6.96
fukue,jp,34.18765519837066,125.93452959723396,1530988194,71.82,100,24,21.5
corn island,ni,13.037056324306079,-82.90477956263992,1530988194,81.18,100,36,19.82
chifeng,cn,43.6849379621091,117.65654209577468,1530988194,58.68,95,80,4.38
colesberg,za,-30.399792670923468,25.66356786345898,1530988195,40.5,100,0,5.95
nizhniy kuranakh,ru,61.14946222341334,123.86386064109973,1530988195,66.24,68,0,5.28
najran,sa,17.059909380490197,45.16375047777771,1530988195,87.3,17,92,6.4
matara,lk,-2.517639071400808,81.85535008090636,1530988195,80.1,100,20,9.53
katsuura,jp,22.823025010975513,150.9843816717855,1530988195,83.7,98,88,18.14
karaton,kz,45.28164394727111,52.86990474511555,1530988195,89.28,34,56,12.21
bambanglipuro,id,-12.948087551320384,108.82483677761184,1530988195,80.64,98,24,20.04
karkaralinsk,kz,48.946193422908834,74.98403608795019,1530988195,63.63,83,20,1.14
uwayl,sd,9.944207583468952,27.400050003440725,1530988196,82.35,56,12,7.18
sulurpeta,in,14.072057733403625,80.44690966367824,1530988196,79.29,100,92,20.49
ende,id,-7.825737967305443,121.47061229462076,1530988196,81.99,100,0,12.1
tubruq,ly,31.823992404830605,24.392971016904,1530988196,77.4,74,0,15.68
taraz,kz,42.566822879493685,71.244110145127,1530986400,82.4,17,0,8.95
minuri,ph,16.432122862119556,122.09397800171729,1530988196,72.99,100,88,2.59
kokopo,pg,-4.779860960472263,152.7370052398402,1530988196,77.67,100,88,8.97
tenenkou,ml,15.39516541239756,-4.81026825611022,1530988197,92.88,58,36,4.61
petropavlivka,ua,48.43635667508826,36.45215774473763,1530988197,79.92,35,48,8.63
salalah,om,11.581304473944826,58.29067719430074,1530988197,80.91,95,56,28.54
ravar,ir,31.20873269877734,57.59398127538671,1530988197,82.98,14,0,2.26
namatanai,pg,0.39269989030951535,156.38392335018932,1530988197,81.9,100,32,7.4
avera,pf,-23.980394401185436,-151.40675375348044,1530988197,68.85,100,100,18.03
port-cartier,ca,53.316069418797156,-69.49012143794866,1530988197,56.25,70,44,15.46
turukhansk,ru,64.22194707352202,91.28972669896933,1530988197,47.25,79,0,2.59
mikhaylovka,kz,43.86600683658625,72.40027571443434,1530988198,74.97,23,0,11.99
saint anthony,ca,54.50676402438859,-53.95728871924068,1530988198,36.9,93,76,31.56
cuamba,mz,-13.766918428382539,36.45839692674295,1530988198,70.2,59,100,6.29
gravdal,no,71.06303841287993,11.444664001828585,1530988198,48.24,94,92,19.6
lagoa vermelha,br,-28.36903233706944,-51.75046218230193,1530988198,71.46,67,80,21.72
quarai,br,-30.000751147472535,-56.66010547519531,1530986400,56.34,93,90,14.99
prince rupert,ca,50.10279410402424,-133.6711793136858,1530988198,55.62,100,76,3.71
sioux lookout,ca,52.200684279650005,-90.40580246086269,1530988199,81.27,49,92,13.22
zdvinsk,ru,54.547820220873035,78.2159123234286,1530988199,70.2,70,64,14.9
ketchikan,us,49.50388505087125,-135.73917277254662,1530988199,54.54,100,32,3.15
cockburn harbour,tc,22.48970067982313,-71.46702347315815,1530988199,82.98,96,36,15.46
sao jose da coroa grande,br,-12.217190518672481,-29.22052436162906,1530988199,76.95,100,0,17.47
mirnyy,ru,62.04914710966162,113.28394905378616,1530988199,50.58,98,92,6.4
kvarkeno,ru,51.77307913058786,59.570077999462285,1530988199,77.85,54,88,4.94
matadi,cd,-5.369927137796324,13.608383410666647,1530988199,76.5,77,0,2.15
humberto de campos,br,-1.0208949550683002,-43.10078041568309,1530988200,76.14,100,88,11.65
obigarm,tj,38.515413145061984,69.6232552652975,1530986400,80.6,42,92,6.71
vaitupu,wf,-11.000807429622128,-175.57089655020766,1530988200,78.75,100,92,17.81
honiara,sb,-13.095549060186954,158.72216258558723,1530988200,79.92,100,76,18.14
bud,no,67.85966051906993,5.692064740670617,1530988200,50.49,96,76,19.82
macia,mz,-25.11438089942864,32.81307600045736,1530988200,66.78,80,88,9.75
santa fe,cu,20.958879880847135,-82.4089252664879,1530988200,84.69,98,12,17.69
oranjestad,aw,14.614114537212217,-71.31495293226442,1530988201,81.63,99,88,23.73
ngukurr,au,-18.93952567367674,135.19357218652743,1530988201,54.72,34,0,17.69
praya,id,-13.415964469994151,115.55068252670156,1530988201,80.01,100,0,20.83
mahibadhoo,mv,3.755328095787334,71.27990500127655,1530988201,79.02,100,100,11.99
anopino,ru,55.884829471724316,40.66990916792372,1530988201,67.68,63,56,4.72
omboue,ga,-6.426104676416045,0.9180607320181196,1530988202,75.24,100,0,9.19
vaitape,pf,-18.224396150102933,-155.1801221203057,1530988202,80.28,99,76,18.14
lephepe,bw,-22.98040335294054,25.726333195100153,1530988203,52.56,85,92,9.53
faya,td,17.87640088037965,20.27382797502179,1530988203,95.76,13,32,8.97
baykit,ru,62.764355975582276,98.37626364166437,1530988203,43.92,87,20,2.15
petropavlovsk-kamchatskiy,ru,52.235999870394096,161.64712983108728,1530988203,49.05,93,0,15.23
hualmay,pe,-13.70808294400095,-83.50300680594066,1530988203,66.24,100,88,17.25
eufaula,us,31.593591338287055,-85.27971155061435,1530986640,81.86,66,20,3.6
iquique,cl,-20.79815398306316,-69.65280141936422,1530986400,60.8,72,90,5.82
mangit,uz,42.537835926874266,60.64184883701478,1530988204,92.16,26,0,8.52
lerwick,gb,60.7903566983172,1.055592613538721,1530985800,59.04,82,0,6.93
broken hill,au,-29.102309104068645,142.97794841030685,1530988246,36.45,83,0,7.74
irbil,iq,36.16270616640766,43.75672681371063,1530986400,91.4,14,0,6.93
uppsala,se,60.502426559746795,18.19358802659255,1530988206,62.55,70,0,5.84
robertsport,lr,5.348688829241965,-12.55264991030262,1530988206,79.02,100,88,8.41
amapa,br,1.7325871171717324,-50.052400675593276,1530988206,83.34,97,0,13.44
nizhnyaya tavda,ru,57.51023943487971,65.88117962995219,1530986400,71.6,73,0,4.47
luba,gq,2.385498770522787,7.88839578351363,1530988207,79.92,100,88,5.61
high level,ca,59.15500574206888,-119.77513746373432,1530988207,54.27,66,80,5.95
vardo,no,89.93006600436613,35.40112560779232,1530988207,32.49,99,76,18.7
ahuimanu,us,28.224855685854422,-155.69196912329375,1530988207,73.08,100,76,18.81
galiwinku,au,-10.12225313784927,136.29983391230166,1530988207,78.93,99,0,19.82
vung tau,vn,9.726417015590286,107.97498747039936,1530988207,83.16,95,68,16.91
saint-esteve,fr,42.71807676795038,2.4810445159529877,1530986400,83.35,48,0,9.17
eyl,so,5.509450816085462,53.95074146215276,1530988208,79.65,97,32,27.98
xian,cn,33.79260317062848,109.1484499290039,1530988208,64.98,88,12,1.92
farap,tm,39.319132621059595,63.45742643127687,1530986400,89.6,19,0,6.93
camargo,bo,-20.79007322022811,-64.96488196704517,1530988208,64.53,69,20,2.15
atlantic city,us,36.83482087831446,-72.48977226725081,1530988208,76.23,100,88,14.67
nador,ma,31.624315235285295,-1.9979853895993358,1530986400,107.6,9,40,4.7
palora,ec,-1.8471380238192978,-76.75811349053383,1530988208,90.81,49,24,3.15
gusau,ng,11.64479074499721,5.990966109186246,1530988208,78.03,87,48,4.94
koslan,ru,65.74251855660486,49.425376468825164,1530988209,61.92,96,100,4.72
bargal,so,10.65557126506745,58.224965800154166,1530988209,80.82,96,12,29.33
puerto colombia,co,12.866988779784919,-77.47694642020505,1530988209,82.17,97,68,26.75
kotelnich,ru,58.19597096878164,48.10230159885052,1530988209,68.04,70,76,4.5
awjilah,ly,28.317872578332626,20.41066778703896,1530988209,92.52,22,0,19.6
khani,ru,58.58498132072933,120.02683191586101,1530988209,63.63,100,92,2.59
boa vista,br,3.9814464633158764,-64.18643573048588,1530988209,77.04,76,12,2.59
qaqortoq,gl,60.186450115074365,-48.12820205594525,1530988210,41.4,98,92,45.88
pokhara,np,28.31027101356149,84.46007276440878,1530988210,58.5,94,92,2.37
nyurba,ru,67.89454847073418,117.83555847364113,1530988210,45.09,100,92,7.18
praia,cv,11.791870767593693,-21.210002989944684,1530988210,77.22,100,0,4.27
kozhva,ru,65.33363902480312,55.526449212720564,1530988210,65.88,91,80,2.26
villacidro,it,39.47574404024377,8.722489370052074,1530985800,85.33,42,0,17.22
xuddur,so,6.008695553160919,44.16244670432988,1530988210,81.72,44,20,12.66
bowen,au,-17.74941350507298,151.38353325768202,1530988210,74.7,100,0,14.56
